{
  "states": {
    "13/1/28": 20.5,
    "12/1/3": "Tag",
    "12/1/0": "Wohnzimmer",
    "12/1/6": 1,
    "12/1/2": 0,
    "12/1/8": 1,
    "13/0/38": 60,
    "13/0/0": 0,
    "13/0/1": 0,
    "13/0/2": 0,
    "13/0/24": 0,
    "13/0/5": 0,
    "13/0/6": 1,
    "13/0/13": 1,
    "13/0/14": 20,
    "13/0/39": 21,
    "13/0/34": 1,
    "13/0/35": 0,
    "13/0/36": 0,
    "13/1/0": 0,
    "13/1/25": 2000,
    "13/1/12": 18,
    "13/1/17": 1,
    "13/1/27": 30,
    "13/5/1": 0,
    "13/1/4": 0,
    "13/1/6": 1,
    "13/1/7": 0,
    "13/6/1": 24,
    "13/5/4": 7.5,
    "14/1/6": 21,
    "12/1/7": 1,
    "14/1/3": 0,
    "12/7/10": 1,
    "12/7/11": 0,
    "12/7/12": 0,
    "12/7/20": 1,
    "12/7/30": 0,
    "12/7/40": 20.5,
    "12/7/41": 18,
    "12/7/42": 22,
    "12/7/50": 1,
    "12/7/51": 0,
    "17/17/17": 3
  },
  "xhr": {
    "rrd?rrd=13%2F0%2F14.rrd&ds=AVERAGE&start=end-1day&end=now&res=300": [{
      "status": 200,
      "headers": {
        "Content-type": "application/json"
      },
      "body": [[1545492000000,["2.2062500000E01"]],[1545492240000,["2.2062500000E01"]],[1545492480000,["2.2109375000E01"]],[1545492720000,["2.2125000000E01"]],[1545492960000,["2.2125000000E01"]],[1545493200000,["2.2125000000E01"]],[1545493440000,["2.2125000000E01"]],[1545493680000,["2.2125000000E01"]],[1545493920000,["2.2083333333E01"]],[1545494160000,["2.2062500000E01"]],[1545494400000,["2.2062500000E01"]],[1545494640000,["2.2000000000E01"]],[1545494880000,["2.1953125000E01"]],[1545495120000,["2.1937500000E01"]],[1545495360000,["2.1906250000E01"]],[1545495600000,["2.1812500000E01"]],[1545495840000,["2.1812500000E01"]],[1545496080000,["2.1781250000E01"]],[1545496320000,["2.1734375000E01"]],[1545496560000,["2.1671875000E01"]],[1545496800000,["2.1625000000E01"]],[1545497040000,["2.1625000000E01"]],[1545497280000,["2.1531250000E01"]],[1545497520000,["2.1500000000E01"]],[1545497760000,["2.1484375000E01"]],[1545498000000,["2.1437500000E01"]],[1545498240000,["2.1437500000E01"]],[1545498480000,["2.1390625000E01"]],[1545498720000,["2.1343750000E01"]],[1545498960000,["2.1296875000E01"]],[1545499200000,["2.1250000000E01"]],[1545499440000,["2.1250000000E01"]],[1545499680000,["2.1203125000E01"]],[1545499920000,["2.1156250000E01"]],[1545500160000,["2.1109375000E01"]],[1545500400000,["2.1062500000E01"]],[1545500640000,["2.1062500000E01"]],[1545500880000,["2.1000000000E01"]],[1545501120000,["2.0968750000E01"]],[1545501360000,["2.0937500000E01"]],[1545501600000,["2.0937500000E01"]],[1545501840000,["2.0875000000E01"]],[1545502080000,["2.0843750000E01"]],[1545502320000,["2.0812500000E01"]],[1545502560000,["2.0812500000E01"]],[1545502800000,["2.0750000000E01"]],[1545503040000,["2.0703125000E01"]],[1545503280000,["2.0687500000E01"]],[1545503520000,["2.0666666667E01"]],[1545503760000,["2.0625000000E01"]],[1545504000000,["2.0562500000E01"]],[1545504240000,["2.0562500000E01"]],[1545504480000,["2.0562500000E01"]],[1545504720000,["2.0546875000E01"]],[1545504960000,["2.0500000000E01"]],[1545505200000,["2.0437500000E01"]],[1545505440000,["2.0437500000E01"]],[1545505680000,["2.0406250000E01"]],[1545505920000,["2.0359375000E01"]],[1545506160000,["2.0312500000E01"]],[1545506400000,["2.0312500000E01"]],[1545506640000,["2.0265625000E01"]],[1545506880000,["2.0218750000E01"]],[1545507120000,["2.0187500000E01"]],[1545507360000,["2.0187500000E01"]],[1545507600000,["2.0187500000E01"]],[1545507840000,["2.0187500000E01"]],[1545508080000,["2.0250000000E01"]],[1545508320000,["2.0328125000E01"]],[1545508560000,["2.0375000000E01"]],[1545508800000,["2.0437500000E01"]],[1545509040000,["2.0484375000E01"]],[1545509280000,["2.0562500000E01"]],[1545509520000,["2.0640625000E01"]],[1545509760000,["2.0687500000E01"]],[1545510000000,["2.0750000000E01"]],[1545510240000,["2.0796875000E01"]],[1545510480000,["2.0875000000E01"]],[1545510720000,["2.0953125000E01"]],[1545510960000,["2.1000000000E01"]],[1545511200000,["2.1062500000E01"]],[1545511440000,["2.1109375000E01"]],[1545511680000,["2.1156250000E01"]],[1545511920000,["2.1187500000E01"]],[1545512160000,["2.1187500000E01"]],[1545512400000,["2.1234375000E01"]],[1545512640000,["2.1250000000E01"]],[1545512880000,["2.1250000000E01"]],[1545513120000,["2.1250000000E01"]],[1545513360000,["2.1250000000E01"]],[1545513600000,["2.1296875000E01"]],[1545513840000,["2.1281250000E01"]],[1545514080000,["2.1250000000E01"]],[1545514320000,["2.1250000000E01"]],[1545514560000,["2.1250000000E01"]],[1545514800000,["2.1250000000E01"]],[1545515040000,["2.1218750000E01"]],[1545515280000,["2.1187500000E01"]],[1545515520000,["2.1187500000E01"]],[1545515760000,["2.1187500000E01"]],[1545516000000,["2.1140625000E01"]],[1545516240000,["2.1125000000E01"]],[1545516480000,["2.1109375000E01"]],[1545516720000,["2.1062500000E01"]],[1545516960000,["2.1000000000E01"]],[1545517200000,["2.1000000000E01"]],[1545517440000,["2.1000000000E01"]],[1545517680000,["2.0984375000E01"]],[1545517920000,["2.0937500000E01"]],[1545518160000,["2.0937500000E01"]],[1545518400000,["2.0890625000E01"]],[1545518640000,["2.0875000000E01"]],[1545518880000,["2.0859375000E01"]],[1545519120000,["2.0812500000E01"]],[1545519360000,["2.0750000000E01"]],[1545519600000,["2.0703125000E01"]],[1545519840000,["2.0687500000E01"]],[1545520080000,["2.0671875000E01"]],[1545520320000,["2.0625000000E01"]],[1545520560000,["2.0562500000E01"]],[1545520800000,["2.0515625000E01"]],[1545521040000,["2.0468750000E01"]],[1545521280000,["2.0437500000E01"]],[1545521520000,["2.0437500000E01"]],[1545521760000,["2.0375000000E01"]],[1545522000000,["2.0328125000E01"]],[1545522240000,["2.0281250000E01"]],[1545522480000,["2.0234375000E01"]],[1545522720000,["2.0187500000E01"]],[1545522960000,["2.0187500000E01"]],[1545523200000,["2.0166666667E01"]],[1545523440000,["2.0109375000E01"]],[1545523680000,["2.0062500000E01"]],[1545523920000,["2.0062500000E01"]],[1545524160000,["2.0062500000E01"]],[1545524400000,["2.0031250000E01"]],[1545524640000,["2.0000000000E01"]],[1545524880000,["2.0000000000E01"]],[1545525120000,["2.0000000000E01"]],[1545525360000,["2.0000000000E01"]],[1545525600000,["2.0000000000E01"]],[1545525840000,["2.0000000000E01"]],[1545526080000,["2.0000000000E01"]],[1545526320000,["1.9937500000E01"]],[1545526560000,["1.9984375000E01"]],[1545526800000,["1.9968750000E01"]],[1545527040000,["1.9937500000E01"]],[1545527280000,["1.9937500000E01"]],[1545527520000,["1.9937500000E01"]],[1545527760000,["1.9890625000E01"]],[1545528000000,["1.9843750000E01"]],[1545528240000,["1.9812500000E01"]],[1545528480000,["1.9812500000E01"]],[1545528720000,["1.9812500000E01"]],[1545528960000,["1.9765625000E01"]],[1545529200000,["1.9750000000E01"]],[1545529440000,["1.9750000000E01"]],[1545529680000,["1.9687500000E01"]],[1545529920000,["1.9625000000E01"]],[1545530160000,["1.9625000000E01"]],[1545530400000,["1.9625000000E01"]],[1545530640000,["1.9562500000E01"]],[1545530880000,["1.9562500000E01"]],[1545531120000,["1.9515625000E01"]],[1545531360000,["1.9500000000E01"]],[1545531600000,["1.9484375000E01"]],[1545531840000,["1.9437500000E01"]],[1545532080000,["1.9437500000E01"]],[1545532320000,["1.9395833333E01"]],[1545532560000,["1.9343750000E01"]],[1545532800000,["1.9312500000E01"]],[1545533040000,["1.9312500000E01"]],[1545533280000,["1.9250000000E01"]],[1545533520000,["1.9250000000E01"]],[1545533760000,["1.9250000000E01"]],[1545534000000,["1.9234375000E01"]],[1545534240000,["1.9187500000E01"]],[1545534480000,["1.9187500000E01"]],[1545534720000,["1.9140625000E01"]],[1545534960000,["1.9125000000E01"]],[1545535200000,["1.9109375000E01"]],[1545535440000,["1.9062500000E01"]],[1545535680000,["1.9062500000E01"]],[1545535920000,["1.9015625000E01"]],[1545536160000,["1.8968750000E01"]],[1545536400000,["1.8937500000E01"]],[1545536640000,["1.8937500000E01"]],[1545536880000,["1.8875000000E01"]],[1545537120000,["1.8875000000E01"]],[1545537360000,["1.8875000000E01"]],[1545537600000,["1.8859375000E01"]],[1545537840000,["1.8812500000E01"]],[1545538080000,["1.8812500000E01"]],[1545538320000,